eps,time,acc_rate,avg_trial
20,3.047504,0.133163,7.509600
18,6.539328,0.116082,8.614600
16,10.376337,0.105723,9.458700
14,14.671292,0.094690,10.560800
10,20.105308,0.074723,13.382800
06,27.948639,0.051705,19.340600
05,37.434255,0.042817,23.355000
03,56.508370,0.021306,46.934100
02,99.051264,0.009538,104.849000
01,266.275290,0.002423,412.636700