eps,time,acc_rate,avg_trial
20,6.438291,0.069981,14.289500
18,10.687512,0.043243,23.125200
16,12.492021,0.036135,27.674300
14,14.205709,0.031756,31.490200
10,19.764405,0.022834,43.793400
06,33.622484,0.013468,74.247900
05,45.448783,0.009952,100.480500
03,137.240078,0.003294,303.608500
02,286.752746,0.001580,633.07340001
01,769.208180,0.000337,1963.884200
