eps,time,acc_rate,avg_trial
05,9.604745,0.042751,23.391000
03,30.904324,0.019295,51.825800
02,74.569576,0.009393,106.463100
01,247.094187,0.002379,420.347500
