eps,time,acc_rate,avg_trial
20,11.297927,0.039528,25.298700
18,13.400103,0.033315,30.016400
16,15.454119,0.028885,34.619500
14,18.074842,0.024694,40.496100
10,25.815607,0.017342,57.663600
06,43.101933,0.010445,95.744100
05,52.707126,0.008547,117.002900
03,97.301909,0.004621,216.380600
02,195.790396,0.002282,438.166100
01,772.031464,0.000580,1723.211700