eps,time,acc_rate,avg_trial
20,6.238306,0.069981,14.289500
18,16.352388,0.043243,23.125200
16,28.460686,0.036135,27.674300
14,42.237104,0.031756,31.490200
10,61.368546,0.022834,43.793400
 6,93.811012,0.013468,74.247900
 5,137.776085,0.009952,100.480500
 3,270.521121,0.003294,303.608500
 2,547.227010,0.001580,633.073400
 1,1869.166308,0.000331,3019.356100
