eps,time,acc_rate,avg_trial
05,44.658405,0.009941,100.591600
03,172.653337,0.003470,288.143700
02,472.568093,0.001488,671.855000
01,2032.460658,0.000319,3130.556900
